{
  "x_mean": [
    -9.774193548387096,
    12.35483870967742,
    -5.193548387096774,
    12.387096774193548,
    -0.0967741935483871,
    -5.935483870967742,
    7.225806451612903,
    22.129032258064516,
    4.580645161290323,
    22.161290322580644,
    9.67741935483871,
    3.838709677419355,
    17.0,
    -17.548387096774192,
    0.03225806451612903,
    -12.451612903225806,
    -18.29032258064516,
    -5.129032258064516,
    17.580645161290324,
    5.096774193548387,
    -0.7419354838709677,
    12.419354838709678,
    -12.483870967741936,
    -18.322580645161292,
    -5.161290322580645,
    -5.838709677419355,
    7.32258064516129,
    13.161290322580646,
    -70.87096774193549,
    -61.096774193548384,
    -83.2258064516129,
    -65.6774193548387,
    -83.25806451612904,
    -70.7741935483871,
    -64.93548387096774,
    -78.09677419354838,
    0.0,
    0.0,
    0.0,
    0.0,
    0.0,
    0.0,
    0.0,
    0.0,
    0.0,
    0.0,
    0.0,
    0.0,
    0.0,
    0.0,
    0.0,
    0.0,
    2.505688232184704,
    0.0,
    1.7302234806657644,
    5.838709677419355,
    6.2612903225806456,
    0.0,
    0.0,
    0.0,
    0.0,
    0.0,
    0.0,
    0.0,
    0.0,
    0.0,
    0.0,
    0.0,
    0.0
  ],
  "x_std": [
    9.712016947574924,
    11.31056884919273,
    3.6236826171268275,
    9.641898831590204,
    4.461253419023932,
    5.8205193453609345,
    7.02037262806095,
    18.818874028020364,
    8.06835433927256,
    17.16641303862743,
    8.91415481881368,
    12.232890562058031,
    12.36379538281773,
    14.39373721344614,
    4.216821742633431,
    11.45029554017561,
    14.024467769529705,
    8.401237844113052,
    12.728349757189493,
    5.427071107043186,
    5.048949068908015,
    9.883451679450303,
    9.762249813360711,
    12.975881680793593,
    7.172164363969609,
    8.618674164905922,
    7.580203706468215,
    11.524039401336134,
    17.746043716002234,
    24.154213689479437,
    15.748421043171676,
    20.635120031377706,
    14.049229694314683,
    18.738076711815918,
    21.751692215712193,
    14.82764306014286,
    0.001,
    0.001,
    0.001,
    0.001,
    0.001,
    0.001,
    0.001,
    0.001,
    0.001,
    0.001,
    0.001,
    0.001,
    0.001,
    0.001,
    0.001,
    0.001,
    1.4809811029252853,
    0.001,
    1.0228474760802584,
    3.4660026690260954,
    3.9397262029772495,
    1.0,
    1.0,
    1.0,
    1.0,
    1.0,
    1.0,
    1.0,
    1.0,
    0.001,
    0.001,
    0.001,
    0.001
  ],
  "y_min": [
    -0.008625377585431693,
    0.13530588038221936
  ],
  "y_max": [
    -0.008309913071542496,
    0.13559975777752697
  ],
  "relational_dim": 65,
  "rel_core_dim": 57,
  "n_beacons": 8,
  "rank_embed_dim": 16,
  "beacon_ids": [
    "eddy:594b545f423035000000-000000000001",
    "eddy:594b545f423035000000-0000000009dd",
    "eddy:594b545f423035000000-0000000009f7",
    "eddy:594b545f423035000000-000000000a20",
    "eddy:594b545f423035000000-000000000a2d",
    "eddy:594b545f423035000000-000000000a49",
    "eddy:594b545f423035000000-000000000a6b",
    "eddy:594b545f423035000000-000000000a78"
  ],
  "readings_window": 3,
  "model": "FusionNetWithRankEmbed",
  "input_dim": 69,
  "map_coeffs": {
    "lon0": 0.0,
    "lat0": 0.0,
    "lw": 1.0,
    "lh": 1.0,
    "bx0": 0.0,
    "by0": 0.0,
    "bw": 1.0,
    "bh": 1.0
  },
  "beacon_xy": [
    [
      0.0,
      0.0
    ],
    [
      1.0,
      0.0
    ],
    [
      2.0,
      0.0
    ],
    [
      3.0,
      0.0
    ],
    [
      4.0,
      0.0
    ],
    [
      5.0,
      0.0
    ],
    [
      6.0,
      0.0
    ],
    [
      7.0,
      0.0
    ]
  ]
}